d,Revenue,Regret,std
101,2697.291248294358,469.3244151488358,52.623859325514964
1000,2969.6680388265,481.5672992807366,61.48592763881477
